-- Seed data for DataWise demo
-- Run AFTER schema.sql
-- Creates a demo organization with realistic data telling a story

-- NOTE: This seed creates data but won't create auth users (that must be done via Supabase Auth UI or API).
-- After creating a user via the signup page, you can manually update org_members to use the real user_id.

-- Demo organization
insert into organizations (id, name, slug) values
  ('00000000-0000-0000-0000-000000000001', 'Acme Corp', 'acme-corp');

-- Metric definitions
insert into metric_definitions (id, org_id, name, unit, color, description) values
  ('00000000-0000-0000-0001-000000000001', '00000000-0000-0000-0000-000000000001', 'Monthly Signups', 'users', '#6366f1', 'New user registrations per month'),
  ('00000000-0000-0000-0001-000000000002', '00000000-0000-0000-0000-000000000001', 'Monthly Revenue', '$', '#22c55e', 'Total monthly recurring revenue'),
  ('00000000-0000-0000-0001-000000000003', '00000000-0000-0000-0000-000000000001', 'Churn Rate', '%', '#ef4444', 'Monthly customer churn percentage');

-- Generate 90 days of data (ending today: 2026-04-08)
-- Monthly Signups: growing trend, with a notable DROP around day 21 ago (2026-03-18) then recovery
insert into metric_data (org_id, metric_id, date, value) values
-- 90 days ago to 70 days ago: baseline ~800-900
  ('00000000-0000-0000-0000-000000000001', '00000000-0000-0000-0001-000000000001', '2026-01-08', 812),
  ('00000000-0000-0000-0000-000000000001', '00000000-0000-0000-0001-000000000001', '2026-01-10', 834),
  ('00000000-0000-0000-0000-000000000001', '00000000-0000-0000-0001-000000000001', '2026-01-13', 856),
  ('00000000-0000-0000-0000-000000000001', '00000000-0000-0000-0001-000000000001', '2026-01-16', 878),
  ('00000000-0000-0000-0000-000000000001', '00000000-0000-0000-0001-000000000001', '2026-01-19', 901),
  ('00000000-0000-0000-0000-000000000001', '00000000-0000-0000-0001-000000000001', '2026-01-22', 923),
  ('00000000-0000-0000-0000-000000000001', '00000000-0000-0000-0001-000000000001', '2026-01-25', 945),
  ('00000000-0000-0000-0000-000000000001', '00000000-0000-0000-0001-000000000001', '2026-01-28', 967),
  ('00000000-0000-0000-0000-000000000001', '00000000-0000-0000-0001-000000000001', '2026-01-31', 989),
  ('00000000-0000-0000-0000-000000000001', '00000000-0000-0000-0001-000000000001', '2026-02-03', 1012),
  ('00000000-0000-0000-0000-000000000001', '00000000-0000-0000-0001-000000000001', '2026-02-06', 1034),
  ('00000000-0000-0000-0000-000000000001', '00000000-0000-0000-0001-000000000001', '2026-02-09', 1056),
  ('00000000-0000-0000-0000-000000000001', '00000000-0000-0000-0001-000000000001', '2026-02-12', 1089),
  ('00000000-0000-0000-0000-000000000001', '00000000-0000-0000-0001-000000000001', '2026-02-15', 1123),
  ('00000000-0000-0000-0000-000000000001', '00000000-0000-0000-0001-000000000001', '2026-02-18', 1156),
  ('00000000-0000-0000-0000-000000000001', '00000000-0000-0000-0001-000000000001', '2026-02-21', 1189),
  ('00000000-0000-0000-0000-000000000001', '00000000-0000-0000-0001-000000000001', '2026-02-24', 1222),
  ('00000000-0000-0000-0000-000000000001', '00000000-0000-0000-0001-000000000001', '2026-02-27', 1255),
-- THE DROP: around March 18 (3 weeks ago) - signup page bug or marketing issue
  ('00000000-0000-0000-0000-000000000001', '00000000-0000-0000-0001-000000000001', '2026-03-02', 1289),
  ('00000000-0000-0000-0000-000000000001', '00000000-0000-0000-0001-000000000001', '2026-03-05', 1312),
  ('00000000-0000-0000-0000-000000000001', '00000000-0000-0000-0001-000000000001', '2026-03-08', 1334),
  ('00000000-0000-0000-0000-000000000001', '00000000-0000-0000-0001-000000000001', '2026-03-11', 1356),
  ('00000000-0000-0000-0000-000000000001', '00000000-0000-0000-0001-000000000001', '2026-03-14', 1378),
  ('00000000-0000-0000-0000-000000000001', '00000000-0000-0000-0001-000000000001', '2026-03-17', 1389),
  ('00000000-0000-0000-0000-000000000001', '00000000-0000-0000-0001-000000000001', '2026-03-18', 743),  -- BIG DROP
  ('00000000-0000-0000-0000-000000000001', '00000000-0000-0000-0001-000000000001', '2026-03-19', 612),  -- Continues dropping
  ('00000000-0000-0000-0000-000000000001', '00000000-0000-0000-0001-000000000001', '2026-03-20', 589),
  ('00000000-0000-0000-0000-000000000001', '00000000-0000-0000-0001-000000000001', '2026-03-21', 634),  -- Starting to recover
  ('00000000-0000-0000-0000-000000000001', '00000000-0000-0000-0001-000000000001', '2026-03-22', 756),
  ('00000000-0000-0000-0000-000000000001', '00000000-0000-0000-0001-000000000001', '2026-03-24', 934),
  ('00000000-0000-0000-0000-000000000001', '00000000-0000-0000-0001-000000000001', '2026-03-26', 1089),
  ('00000000-0000-0000-0000-000000000001', '00000000-0000-0000-0001-000000000001', '2026-03-28', 1198),
  ('00000000-0000-0000-0000-000000000001', '00000000-0000-0000-0001-000000000001', '2026-03-30', 1267),
  ('00000000-0000-0000-0000-000000000001', '00000000-0000-0000-0001-000000000001', '2026-04-01', 1312),
  ('00000000-0000-0000-0000-000000000001', '00000000-0000-0000-0001-000000000001', '2026-04-03', 1334),
  ('00000000-0000-0000-0000-000000000001', '00000000-0000-0000-0001-000000000001', '2026-04-05', 1356),
  ('00000000-0000-0000-0000-000000000001', '00000000-0000-0000-0001-000000000001', '2026-04-07', 1378),
  ('00000000-0000-0000-0000-000000000001', '00000000-0000-0000-0001-000000000001', '2026-04-08', 1401);

-- Monthly Revenue: growing with the signup trends
insert into metric_data (org_id, metric_id, date, value) values
  ('00000000-0000-0000-0000-000000000001', '00000000-0000-0000-0001-000000000002', '2026-01-08', 32400),
  ('00000000-0000-0000-0000-000000000001', '00000000-0000-0000-0001-000000000002', '2026-01-15', 33120),
  ('00000000-0000-0000-0000-000000000001', '00000000-0000-0000-0001-000000000002', '2026-01-22', 33890),
  ('00000000-0000-0000-0000-000000000001', '00000000-0000-0000-0001-000000000002', '2026-01-29', 34560),
  ('00000000-0000-0000-0000-000000000001', '00000000-0000-0000-0001-000000000002', '2026-02-05', 35240),
  ('00000000-0000-0000-0000-000000000001', '00000000-0000-0000-0001-000000000002', '2026-02-12', 36120),
  ('00000000-0000-0000-0000-000000000001', '00000000-0000-0000-0001-000000000002', '2026-02-19', 37340),
  ('00000000-0000-0000-0000-000000000001', '00000000-0000-0000-0001-000000000002', '2026-02-26', 38670),
  ('00000000-0000-0000-0000-000000000001', '00000000-0000-0000-0001-000000000002', '2026-03-05', 40120),
  ('00000000-0000-0000-0000-000000000001', '00000000-0000-0000-0001-000000000002', '2026-03-12', 41890),
  ('00000000-0000-0000-0000-000000000001', '00000000-0000-0000-0001-000000000002', '2026-03-19', 40230),  -- slight dip with signups drop
  ('00000000-0000-0000-0000-000000000001', '00000000-0000-0000-0001-000000000002', '2026-03-26', 42100),
  ('00000000-0000-0000-0000-000000000001', '00000000-0000-0000-0001-000000000002', '2026-04-02', 44320),
  ('00000000-0000-0000-0000-000000000001', '00000000-0000-0000-0001-000000000002', '2026-04-08', 48320);

-- Churn Rate: fluctuating 2-5%
insert into metric_data (org_id, metric_id, date, value) values
  ('00000000-0000-0000-0000-000000000001', '00000000-0000-0000-0001-000000000003', '2026-01-08', 3.2),
  ('00000000-0000-0000-0000-000000000001', '00000000-0000-0000-0001-000000000003', '2026-01-22', 2.8),
  ('00000000-0000-0000-0000-000000000001', '00000000-0000-0000-0001-000000000003', '2026-02-05', 3.5),
  ('00000000-0000-0000-0000-000000000001', '00000000-0000-0000-0001-000000000003', '2026-02-19', 2.9),
  ('00000000-0000-0000-0000-000000000001', '00000000-0000-0000-0001-000000000003', '2026-03-05', 3.1),
  ('00000000-0000-0000-0000-000000000001', '00000000-0000-0000-0001-000000000003', '2026-03-19', 4.7),  -- spike during signup crisis
  ('00000000-0000-0000-0000-000000000001', '00000000-0000-0000-0001-000000000003', '2026-04-01', 3.3),
  ('00000000-0000-0000-0000-000000000001', '00000000-0000-0000-0001-000000000003', '2026-04-08', 2.6);

-- Alert rules
insert into alerts (id, org_id, metric_id, name, condition, threshold, threshold_type, period_days) values
  ('00000000-0000-0000-0002-000000000001', '00000000-0000-0000-0000-000000000001', '00000000-0000-0000-0001-000000000001', 'Signup Drop Alert', 'drops_by', 20, 'percent', 7),
  ('00000000-0000-0000-0002-000000000002', '00000000-0000-0000-0000-000000000001', '00000000-0000-0000-0001-000000000003', 'High Churn Alert', 'above', 4.0, 'absolute', 7);
